1,0b1215f27db8@example.com
2,a20d76edcda6@example.com
3,ce8be3d5f7c5@example.com
4,f3185be9eb63@example.com
5,6a87898d6070@example.com
6,0ad86bc6244d@example.com
7,7f28161bc40b@example.com
8,06d282e6d7e8@example.com
9,39d12058b931@example.com
10,39bde92de1c9@example.com
11,c93d9d75a785@example.com
12,335f450a7551@example.com
13,5940d727a4f9@example.com
14,e479dde1909b@example.com
15,9c3530978d66@example.com
16,5c1755ebb5b3@example.com
17,cf385707a590@example.com
18,b2f527d892fd@example.com
19,93b4378bcf5f@example.com
20,eb8d39602280@example.com
21,d15bea404c7f@example.com
22,5ef6849be9b5@example.com
23,960855f0871d@example.com
24,b80bfa82709e@example.com
25,9607811e8433@example.com
26,07459b2841d5@example.com
27,43ef6115f568@example.com
28,0fd1ea705df0@example.com
29,3d3c5eae1dce@example.com
30,77886a9d6878@example.com
31,da3dbf0bacaa@example.com
32,6e11b72f15bb@example.com
33,d1cc5483cd7d@example.com
34,3f868d1e6d9b@example.com
35,6e6ad1eb7335@example.com
36,e54d64015ceb@example.com
37,2307ac7a0c95@example.com
38,917f3752af61@example.com
39,d4648b2903d5@example.com
40,017305b62f21@example.com
41,03dbc52ace0c@example.com
42,c1221a8c5686@example.com
43,fdc1a5ed17b1@example.com
44,b5a7f7980fc7@example.com
45,b38f6b8386dd@example.com
46,fc26c9225220@example.com
47,bde9e10d80a2@example.com
48,a0ad306347ac@example.com
49,37792712c25b@example.com
50,1c0bc6e33f70@example.com
51,ae46cc9a788c@example.com
52,0f7ee0308425@example.com
53,e55a90cf8a0b@example.com
54,b321d71bbafe@example.com
55,4f700c7ec69f@example.com
56,e83400de5cbe@example.com
57,381e508892bb@example.com
58,9c60140cb290@example.com
59,6e75c0a17d75@example.com
60,496d886a87aa@example.com
61,58b58b3418e4@example.com
62,2b1f2839d104@example.com
63,c8172a85ab24@example.com
64,c4240e6c4cdc@example.com
65,207488fb5e7d@example.com
66,63c1b4998422@example.com
67,0fedfcfdc6f2@example.com
68,08e7ff221978@example.com
69,8fe051960913@example.com
70,a8a6887795b5@example.com
71,730b9be84ea4@example.com
72,8d540e555301@example.com
73,1a2a92d27870@example.com
74,94a324bf3296@example.com
75,061f1c5a610c@example.com
76,90fe3139b4e9@example.com
77,c63f7cbc10d3@example.com
78,ae214e208fb7@example.com
79,e913c5add7e0@example.com
80,0c30a902cf9b@example.com
81,2f63b06791c4@example.com
82,1967e44e71cc@example.com
83,59ecd972c9f4@example.com
84,b66615f10d29@example.com
85,e480004700a0@example.com
86,3e48799e9e1d@example.com
87,747ea0511812@example.com
88,8b4fddece629@example.com
89,98d01e136f0c@example.com
90,32ef53528376@example.com
91,3f436aee4de6@example.com
92,dc12715faebc@example.com
93,eeb5e92c2858@example.com
94,2f452daa00e6@example.com
95,f7f3d2e0cd05@example.com
96,90a1856741eb@example.com
97,e74895309796@example.com
98,5207602ad693@example.com
99,d827c213de2c@example.com
100,f65fb3e69a7a@example.com
101,5665674bcfdf@example.com
102,d5dc0e43995b@example.com
103,cf52f6817e2f@example.com
104,3795a40dbdd8@example.com
105,61e5b883ab2e@example.com
106,143fcb815d4d@example.com
107,bf2d19df5a7d@example.com
108,9222aa1b0cb5@example.com
109,ff1d58a32bba@example.com
110,7ab895dda938@example.com
111,93515d74e4d3@example.com
112,ec69005ff8a9@example.com
113,515b602d7ff2@example.com
114,f0124cb2563f@example.com
115,31e1de2b1131@example.com
116,a007e7b6acd8@example.com
117,bbea5ccc758e@example.com
118,8846547dc02c@example.com
119,3634e75b89e7@example.com
120,7a6177650a83@example.com
121,e7f1cd279175@example.com
122,9fcf72636ed9@example.com
123,d09d4d7d3d3a@example.com
124,905b30a51027@example.com
125,8121ab4a6937@example.com
126,5c46346c7e5c@example.com
127,4e0c80b600b3@example.com
128,4cc8d78b4500@example.com
129,f3a48d6aa970@example.com
130,9bc4a1bcd177@example.com
131,73d729d5a706@example.com
132,083004bc380d@example.com
133,f57e6818f4a3@example.com
134,7d4c2009e027@example.com
135,980134949058@example.com
136,d2fcee1ae944@example.com
137,9719ff6360a5@example.com
138,d9ed345d533f@example.com
139,8b227e96c1c0@example.com
140,7ba7531ceb78@example.com
141,911ba1f848da@example.com
142,663d64d6f33a@example.com
143,abb95247c5a0@example.com
144,6f844a98a590@example.com
145,2cecd167397e@example.com
146,0c09a6709cf1@example.com
147,2836b965c0ac@example.com
148,6f54c97a03ff@example.com
149,cfbe6196c002@example.com
150,fb2da240601f@example.com
151,8335f5afafd2@example.com
152,4413c18187c0@example.com
153,dfa37a6a98d2@example.com
154,22fddd67e92e@example.com
155,46c346014676@example.com
156,4b624b8eced8@example.com
157,839f6914c3d3@example.com
158,d0676bd9566b@example.com
159,3072e84eecaf@example.com
160,0b244307da56@example.com
161,543146e1a0bd@example.com
162,f28218ec6352@example.com
163,7c7ef14b9941@example.com
164,15ef5a576f57@example.com
165,c61d93682ba9@example.com
166,755d0c64ec26@example.com
167,3173b5a760de@example.com
168,524a40e772a2@example.com
169,e0f0b73a2e41@example.com
170,b2931b69cbd9@example.com
171,95acf48bff1f@example.com
172,713e17680e97@example.com
173,1890fd414ec6@example.com
174,0e0827dc2f18@example.com
175,01079363294c@example.com
176,c1f078d582be@example.com
177,9bacd2867958@example.com
178,a096f39e9e82@example.com
179,a31b77b961b5@example.com
180,54a7d2a352c7@example.com
181,b194864fdff7@example.com
182,07d9bdda1bca@example.com
183,605994a686c3@example.com
184,abd28b06bd4f@example.com
185,99d66f16d672@example.com
186,effd2ebf2cb1@example.com
187,a4ed77bc9fba@example.com
188,a5c7b719ba8c@example.com
189,f2b6e22e85ec@example.com
190,f09a18f237c5@example.com
191,b2c9cafaa7e1@example.com
192,36c2b4ed30b7@example.com
193,1eb66f1936b5@example.com
194,744c4f9f70a0@example.com
195,c7488979b132@example.com
196,5533126f50fb@example.com
197,02e93ebf93cd@example.com
198,4fe3cb1e2467@example.com
199,635fe089255f@example.com
200,659439d3698e@example.com
201,4a82f241e2a2@example.com
202,007a24677837@example.com
203,d6175fa2c875@example.com
204,c170c0362306@example.com
205,60d0523e0fa6@example.com
206,0aa37c5bb3ef@example.com
207,bc3ebb4d2b5b@example.com
208,8c5595707a6f@example.com
209,df71d508f906@example.com
210,594a006f3983@example.com
211,56fa5a7da476@example.com
212,1c46127de4e8@example.com
213,1a4c06bff79e@example.com
214,a817d4a1d1bf@example.com
215,a2ccf0d1d6c7@example.com
216,d9fcf863b84c@example.com
217,b81be8aa0fdb@example.com
218,a94d2522371d@example.com
219,3fa966b79b1e@example.com
220,1b35f5ba12e1@example.com
221,c5d6a4202dac@example.com
222,7f0706344b0a@example.com
223,9feaa6b50f81@example.com
224,4ec5551de723@example.com
225,215cc092ed1c@example.com
226,b9253fc0cae8@example.com
227,8f0a89acbc95@example.com
228,182684771582@example.com
229,1666866a5cea@example.com
230,68417f9cba84@example.com
231,a142035c2e80@example.com
232,32386d058501@example.com
233,8dafceefbede@example.com
234,6d8ded0f1158@example.com
235,a98193c5807e@example.com
236,86584c70edbf@example.com
237,569ffcb0e2ba@example.com
238,57b2fa9600d8@example.com
239,b7fc62486476@example.com
240,364c2abedf5d@example.com
241,a561344c252b@example.com
242,115521a08666@example.com
243,9efd93026379@example.com
244,012cf5df7487@example.com
245,1e92bd5da099@example.com
246,bd69d397c1f9@example.com
247,559390548f8a@example.com
248,f3e3884b2d56@example.com
249,c45ae0d8d7df@example.com
250,f5913a8f1f00@example.com
251,4431f077fba2@example.com
252,0edbb3e45788@example.com
253,89ccd0037a7d@example.com
254,a8c3f27d0f7c@example.com
255,cd75ede59dd7@example.com
256,364e1f7f14d3@example.com
257,9fda26181c4e@example.com
258,54a6a0affe09@example.com
259,5aab02923acc@example.com
260,95626f32f1c8@example.com
261,9e40d600cd59@example.com
262,80c5a3995105@example.com
263,2f9ddd1cb9ad@example.com
264,8f4edb13d6ee@example.com
265,465089deee2b@example.com
266,390ea302bb64@example.com
267,df776d069946@example.com
268,3d578c8a7547@example.com
269,ce0cbacd4304@example.com
270,3acb23563ea1@example.com
271,6fde13205948@example.com
272,8d8c5b10300b@example.com
273,d654f363d9ca@example.com
274,05f481f2d168@example.com
275,2f493e9c2a1c@example.com
276,c750d49947b3@example.com
277,7cda429f321c@example.com
278,a77654c3afe4@example.com
279,6416cada9f21@example.com
280,e182ea56af98@example.com
281,4eecc6877cd3@example.com
282,63109752928f@example.com
283,ca478fefcb31@example.com
284,9021bdc941f7@example.com
285,46f4a2166ebc@example.com
286,146d3d39efcf@example.com
287,45eb37e8ca6e@example.com
288,bbd8b8e1be22@example.com
289,7c7ad495fe93@example.com
290,4f84d78ad6d7@example.com
291,79286268ad90@example.com
292,5740ddb01bce@example.com
293,24369ed7ffea@example.com
294,d65b470b73c9@example.com
295,3c4c9756204e@example.com
296,edc66fa52b5a@example.com
297,f59011580600@example.com
298,6149978a5a57@example.com
299,086f98fd7f55@example.com
300,0c1a3642d199@example.com
301,2e8f9460eabd@example.com
302,755b8935f904@example.com
303,21c9464bdb1e@example.com
304,4c732291eed7@example.com
305,016c4038cf61@example.com
306,586735d8cd3b@example.com
307,f75c69a2e52d@example.com
308,71ddce4894bd@example.com
309,58108f5fed32@example.com
310,332175dd98e0@example.com
311,236382df368a@example.com
312,d7d824409b94@example.com
313,06ad5f0aa525@example.com
314,e8bfebb7b8fc@example.com
315,df2b751d3ece@example.com
316,23e54f09ef7f@example.com
317,cd84bd9b5a6e@example.com
318,ddcf261a02b5@example.com
319,fb10d2bcb248@example.com
320,370b67286f7a@example.com
321,395536899858@example.com
322,a37c9da30c13@example.com
323,b32cf83e97e4@example.com
324,2a199961a513@example.com
325,b9d6d5fd6306@example.com
326,80befe0081b6@example.com
327,e4758618bc3e@example.com
328,92026001fda6@example.com
329,0ac9f2b9c934@example.com
330,d13d9e051f6d@example.com
331,d9cf829c7885@example.com
332,cf354632431f@example.com
333,8ffd920aa86f@example.com
334,eef13762b0ff@example.com
335,c441e578f41c@example.com
336,498e3ea40afa@example.com
337,3f5d71903bfd@example.com
338,e578d0f24ac2@example.com
339,ac0c972b62e3@example.com
340,4cd6c068eab2@example.com
341,d7495d61f6d4@example.com
342,5fdfb7ab9e96@example.com
343,35cd8eded1b5@example.com
344,9b005c69f7e1@example.com
345,b7d50f47367e@example.com
346,59f6d6b28dfb@example.com
347,30f6ff6cfa83@example.com
348,9d8e6595e556@example.com
349,11e373874917@example.com
350,6c8b7dc24cad@example.com
351,91c7125e56e2@example.com
352,4fcd082f87e6@example.com
353,fea00564f9df@example.com
354,f03012264335@example.com
355,95f536f6c50b@example.com
356,110270f0c470@example.com
357,92cf55b8537c@example.com
358,e58ed3619958@example.com
359,43a58b4bc727@example.com
360,a23d8ff7668a@example.com
361,cf581286d9e2@example.com
362,de0ca946f3e4@example.com
363,dec4bee00070@example.com
364,47fff6942218@example.com
365,cc3643197b34@example.com
366,03ec083a2ef8@example.com
367,b54c2a0e8d87@example.com
368,b372db5c3291@example.com
369,08e327b756ee@example.com
370,5a542bec94be@example.com
371,d3da57d3750e@example.com
372,b0f6902dafb0@example.com
373,c2d680b263d5@example.com
374,990817a16a30@example.com
375,1dc0c5cacc8a@example.com
376,df5d196d14ac@example.com
377,643ac59d9103@example.com
378,e59729bba1fe@example.com
379,2827ae46c4a7@example.com
380,ec8e7c50bef8@example.com
381,0c6db57f1ff0@example.com
382,52a8ea5f6d62@example.com
383,5637fe32b114@example.com
384,7f26a1c4ce18@example.com
385,8763ac94d66f@example.com
386,8893aa74971f@example.com
387,e3c1a37ac800@example.com
388,26bb1a31be9e@example.com
389,224122c15422@example.com
390,a7a9f0d4e5ff@example.com
391,823ffb40034f@example.com
392,055249d47944@example.com
393,efb28cb21b51@example.com
394,bd7341bf2ed5@example.com
395,95bf3dbd0f2d@example.com
396,c6875c9050d8@example.com
397,2d8320f7580d@example.com
398,894fbb8153a6@example.com
399,808d5bf7dd7e@example.com
400,7fcaff499e7b@example.com
401,ced711ac5788@example.com
402,7af3c0343487@example.com
403,43eb98ea361c@example.com
404,dca186dc2273@example.com
405,756e7c56d7ab@example.com
406,5c9c6fb3d512@example.com
407,363b4ee17b2f@example.com
408,e9b7e3c4ccdf@example.com
409,64450d2ec242@example.com
410,e0fdb3d4456d@example.com
411,fdb141388e42@example.com
412,8bce27f207f0@example.com
413,8c96673d51d6@example.com
414,278bea6646ff@example.com
415,a86316da0847@example.com
416,55b480234b3f@example.com
417,03b76a2f8ecd@example.com
418,c0f4652e3605@example.com
419,8487ee2d1160@example.com
420,c94344e6ec1d@example.com
421,c096f8c21fb0@example.com
422,e497a5e5e757@example.com
423,6f2b02b3f769@example.com
424,74bcaa18f7de@example.com
425,3470ec9af259@example.com
426,eab8700c29c9@example.com
427,dacfdcbb6b14@example.com
428,f5b5f078a8bd@example.com
429,e20ff6e64ea0@example.com
430,a0eb6a99dd5d@example.com
431,6bcb1d835887@example.com
432,8254b36359b1@example.com
433,9aed3311bcac@example.com
434,1c109477df86@example.com
435,71a20e288d9f@example.com
436,052fd1203c12@example.com
437,e13421a438cb@example.com
438,2d5cdc2c1c3b@example.com
439,1e57f4c633df@example.com
440,093e27af5179@example.com
441,a2b2f187e4a1@example.com
442,bb7fe1ccf2f5@example.com
443,ec9db3e3135d@example.com
444,75a1557da2cc@example.com
445,e6d3412fc41c@example.com
446,16c30ae1a752@example.com
447,1cfb6dd5992b@example.com
448,462a12e581bb@example.com
449,f21c0a50e9d1@example.com
450,56f5f26b4619@example.com
451,76c314018e0b@example.com
452,62d9dd0bb2a4@example.com
453,56bb1913bb71@example.com
454,c964d226859d@example.com
455,65f7b9416ce9@example.com
456,0c1e444eb1a5@example.com
457,3ac225d883c0@example.com
458,b84a0242a441@example.com
459,df9ba5aab45e@example.com
460,129db51f2db0@example.com
461,ad04013e249a@example.com
462,ff85c904bf21@example.com
463,46615e2d075a@example.com
464,256469d89a23@example.com
465,110ed3c2b790@example.com
466,367724acc063@example.com
467,cfc15e2cfdd0@example.com
468,404d4d7ff24b@example.com
469,c1446946ecca@example.com
470,ba036dd93f69@example.com
471,f375a4b1bf0a@example.com
472,d1eb26d5a785@example.com
473,96c3259d47d0@example.com
474,7ad8b564e583@example.com
475,645c283fd9a6@example.com
476,557b4bfb0d05@example.com
477,6914d65c6fc8@example.com
478,9df23d533925@example.com
479,cba326056e3e@example.com
480,731496f8956c@example.com
481,70cf104cbd17@example.com
482,e785c7e23289@example.com
483,5f4d6003e07f@example.com
484,365dc02c089e@example.com
485,d1f4a1fa4f97@example.com
486,3ef77cbb3d2e@example.com
487,ee70fd6a5881@example.com
488,f96dd3d3d7d0@example.com
489,d8aa001a05b7@example.com
490,19755b9983b3@example.com
491,ea704993c22e@example.com
492,2612d763e679@example.com
493,cae613a01664@example.com
494,b60960a60e34@example.com
495,7954470691aa@example.com
496,8f6dc5116a02@example.com
497,565288a80346@example.com
498,e49223d36b98@example.com
499,35b9e38b835d@example.com
500,1d8cc83afd33@example.com
501,2f6fc54241ea@example.com
502,2624e91df304@example.com
503,fdd6a9a0f8ca@example.com
504,a3432ed3af5e@example.com
505,9a859d89b21a@example.com
506,13719a67f117@example.com
507,dcd8375d8e77@example.com
508,67f6bbe35e7c@example.com
509,f7be4bac2e6e@example.com
510,e9ea99de1427@example.com
511,32170ffff7f1@example.com
512,7fb274123742@example.com
513,451fe7b7170c@example.com
514,1f46f1657876@example.com
515,929f6a199a86@example.com
516,f7cdd170135c@example.com
517,31406eaf1fd9@example.com
518,960f9ed3b592@example.com
519,a9c874f504ae@example.com
520,cdbfb3e48ed8@example.com
521,6ae0a056c5a2@example.com
522,dd68454acb5e@example.com
523,c1956d330e1f@example.com
524,974cb9adb86f@example.com
525,0d3cf1b3636c@example.com
526,b2c02182ea5a@example.com
527,3e34109b8274@example.com
528,1a1fffb0ff01@example.com
529,9a39a06f479d@example.com
530,6bf38a54ba0b@example.com
531,0b4256bf7472@example.com
532,d1783d9ea6d7@example.com
533,28f4ff024465@example.com
534,bfee56aa7ea2@example.com
535,5e5d8dd159ab@example.com
536,2f1b16bbfabf@example.com
537,89a4e91a879a@example.com
538,7f3f2112735a@example.com
539,1650ba57a41c@example.com
540,244627d28c14@example.com
541,4429a7ddf69b@example.com
542,666d0845835f@example.com
543,652219552bfe@example.com
544,9e52b4e3c14c@example.com
545,33988ea5253f@example.com
546,9143e56979a2@example.com
547,9ac5326e828b@example.com
548,e7e3c1f25c9f@example.com
549,dac62abcee8e@example.com
550,9adfa36e5df4@example.com
551,e7f2518f1e06@example.com
552,349bb4d5d567@example.com
553,66b9c68a6f6e@example.com
554,80b186e3bd1f@example.com
555,65c2e3e73a64@example.com
556,e4c1a4d84955@example.com
557,b09efec721f9@example.com
558,6a0af983a100@example.com
559,dd3bb91b21db@example.com
560,ba6ed84f57f8@example.com
561,a846b374522b@example.com
562,6e04a21c0f01@example.com
563,aef4d78eb910@example.com
564,be1d3b0be389@example.com
565,1204eb62469c@example.com
566,2230c92b328f@example.com
567,1ea44bc572ec@example.com
568,dcc2048bea81@example.com
569,ed8c93b500e8@example.com
570,4bcfb7f05a28@example.com
571,d9c858d0a868@example.com
572,757df572e02d@example.com
573,44806fb5406d@example.com
574,a36b9cf04b3d@example.com
575,515b0b5d60a6@example.com
576,828c4cbeeea8@example.com
577,7381c910d3fe@example.com
578,0ff077f3728c@example.com
579,d270e79bcc77@example.com
580,0e431d5c07b8@example.com
581,639901f37d2d@example.com
582,4726cd381f0e@example.com
583,f11166913971@example.com
584,0e2753743b66@example.com
585,9b05e08d3e27@example.com
586,411c12371745@example.com
587,2bacc30772f1@example.com
588,8306193c17da@example.com
589,738851f1ddd6@example.com
590,07fde14224f7@example.com
591,a530a52989d1@example.com
592,31e2b8e6783b@example.com
593,370f4cbb6166@example.com
594,0774ad804529@example.com
595,b7974465b815@example.com
596,4d0476aba3fa@example.com
597,65a91d22fae0@example.com
598,cb707a7146b6@example.com
599,b6fa77007d52@example.com
600,db45a3bf4fa9@example.com
601,bbb89f2a2c09@example.com
602,8030ac17e0ef@example.com
603,754112ea67de@example.com
604,8c294e5ea86a@example.com
605,74c288b7eab1@example.com
606,52917b71a401@example.com
607,949ad6981201@example.com
608,f892f6c5e6e9@example.com
609,0edba8716ae1@example.com
610,e2954f8cb2c7@example.com
611,3309603d6481@example.com
612,b38fe00cf553@example.com
613,2050acb34100@example.com
614,4baf82a546a3@example.com
615,d62bfaaea69c@example.com
616,868ac35f56e7@example.com
617,bc5952d185ad@example.com
618,576d1289ea72@example.com
619,01696b6319e6@example.com
620,882d5eef2409@example.com
621,40c792a62bcb@example.com
622,72a351f21838@example.com
623,5b0e0212838a@example.com
624,6a8fedb1bbac@example.com
625,57b9277ca4e1@example.com
626,ae2515e6c1c2@example.com
627,932cdf035510@example.com
628,e24a8d1f3032@example.com
629,2ee0e108c1d8@example.com
630,71a9ab61d949@example.com
631,ae6c4b5ee026@example.com
632,bead5c6002c4@example.com
633,12e5568a07b8@example.com
634,614b9417f1b8@example.com
635,37bf09c2b652@example.com
636,1de55bd3ff06@example.com
637,07a32f7b01d7@example.com
638,1fd3d6db3b4d@example.com
639,11c6e24f76d6@example.com
640,6c784df78692@example.com
641,5516c4b7f30c@example.com
642,0a440e76cb15@example.com
643,694c55828b54@example.com
644,79819a3b819c@example.com
645,aed5cd229b8c@example.com
646,cabde35a3bef@example.com
647,2435df90e51f@example.com
648,864416c03c5a@example.com
649,28acecd04e26@example.com
650,ecf9de66ccd8@example.com
651,d4e79b0fa6d0@example.com
652,830611b6e4e4@example.com
653,fab723758874@example.com
654,cb4b9166ea2c@example.com
655,8a6eb62ddb1d@example.com
656,791c68df4536@example.com
657,26da77b71649@example.com
658,ce7c3be0db30@example.com
659,a62ef26c0d9c@example.com
660,a0ff0c307629@example.com
661,1b8296338d52@example.com
662,733a5c9f4b5e@example.com
663,d169f0159839@example.com
664,c33ef853c852@example.com
665,76e6e4f087d6@example.com
666,f944aba5b5f5@example.com
667,6e31b58bcfc1@example.com
668,b8fb7fefb580@example.com
669,9a40d70e6b66@example.com
670,01ae4d548df3@example.com
671,69b06bf0dc46@example.com
672,5fc90538e9e6@example.com
673,bd5509e8fb2b@example.com
674,077e8fd00a5c@example.com
675,74fe50b0b12e@example.com
676,6e1389679f5b@example.com
677,a19a8b5d534f@example.com
678,3fb5f6edac0d@example.com
679,101a045d144d@example.com
680,2a88fc55d79e@example.com
681,4116627a4381@example.com
682,3f6c614ffaba@example.com
683,a0c9d918e4d8@example.com
684,ab14268a29d6@example.com
685,40fcdf158907@example.com
686,2d19ff87c596@example.com
687,41d2e46bad8b@example.com
688,2bdea4189d85@example.com
689,34d499d2a779@example.com
690,6f4b754fb96f@example.com
691,b179c0b6ea37@example.com
692,c3cf677936f5@example.com
693,d93ea190d121@example.com
694,3a526ab54370@example.com
695,6e92df7a45ae@example.com
696,f916ca7789ec@example.com
697,5ffbd4d10156@example.com
698,29572947b094@example.com
699,aaae4501074b@example.com
700,e4beba1e0f60@example.com
701,d3f4d1287e30@example.com
702,49cca29aacee@example.com
703,7f0b2c79e045@example.com
704,0185dcc56010@example.com
705,3232addddf22@example.com
706,dfe37eba13e6@example.com
707,6b71f851934f@example.com
708,0ebfaec37c58@example.com
709,c054eb426da2@example.com
710,8ba35e639c0b@example.com
711,a21c94d03cfa@example.com
712,18be0401ab4e@example.com
713,04c1a2171f20@example.com
714,29438b770f0d@example.com
715,3b72bbe5ff36@example.com
716,cddc52bbb321@example.com
717,b795ab5287c7@example.com
718,1e616fba7131@example.com
719,1c6e184c4328@example.com
720,d8f548931004@example.com
721,592251c7660e@example.com
722,d9e80e6f5c1e@example.com
723,2640c63e7916@example.com
724,f57313a1afd6@example.com
725,51e70bb021ea@example.com
726,6eebacf6083c@example.com
727,12f3fc87cc12@example.com
728,14f5fec9209c@example.com
729,f6cc0cfaa335@example.com
730,62066bf46bf4@example.com
731,c8a7868fa0e5@example.com
732,bf9bbce32490@example.com
733,ed475d94d913@example.com
734,463d4a927001@example.com
735,216e563f8a8d@example.com
736,dc647d35a2f6@example.com
737,8280e458f0a9@example.com
738,88c173dc8dec@example.com
739,64d8f14ed023@example.com
740,d4612d4b1bea@example.com
741,ab4d5414a01b@example.com
742,f0df73096dee@example.com
743,bbe1db40adf4@example.com
744,a4e4ba0f134f@example.com
745,744a4f29511d@example.com
746,94e90ce1f66e@example.com
747,3463ed7d4f3d@example.com
748,ea151161b4e1@example.com
749,907381ae7e9a@example.com
750,923b86229619@example.com
751,99e3e9b8069e@example.com
752,5007f12a6fa3@example.com
753,69e2e1ac17ae@example.com
754,66025c478021@example.com
755,d8ae696eb76d@example.com
756,f5f5e48430c2@example.com
757,e2e416e7a4b3@example.com
758,6a2209ef0f37@example.com
759,f64f35b8f8a7@example.com
760,611b3c2b7403@example.com
761,28137b75baed@example.com
762,e7e4f6e34375@example.com
763,67d10acb0664@example.com
764,3d87088ddb13@example.com
765,d254eaabb543@example.com
766,469e6c71b548@example.com
767,662c9ce64428@example.com
768,52aeca6d02b5@example.com
769,d497a742482a@example.com
770,d278678bdaeb@example.com
771,486f67524b68@example.com
772,b837dee9cddb@example.com
773,b394c552a339@example.com
774,825f28993c55@example.com
775,9831565613d1@example.com
776,bf8a2fe964ed@example.com
777,eff72f502791@example.com
778,b844d572a7a3@example.com
779,41f1d8919625@example.com
780,1620b35b4333@example.com
781,f54cdf9f1c78@example.com
782,c44102de0e12@example.com
783,65a405a5fcf7@example.com
784,f9aa69c02699@example.com
785,fd28e0d3b2d6@example.com
786,6d6663ccc9ea@example.com
787,2a8d2f02d383@example.com
788,0cc19504ae15@example.com
789,6cd6515e1301@example.com
790,b2c2bed5131e@example.com
791,8b2bf75a1f0e@example.com
792,64df7af1b910@example.com
793,5aa4ca97766c@example.com
794,ec89efd8dbd1@example.com
795,37f3a08014b5@example.com
796,48eaacf88ec0@example.com
797,4a5f6cdb8930@example.com
798,a3d300fca56c@example.com
799,d728473dc677@example.com
800,6b7d65082def@example.com
801,87b6831eff74@example.com
802,1b1e4e75e157@example.com
803,4540ce0172c6@example.com
804,1df6cfb75d7b@example.com
805,c71b33403aef@example.com
806,a56df4a5de77@example.com
807,e8b74bb6b910@example.com
808,b75f741d263e@example.com
809,2b5792f24775@example.com
810,33d30c7699b7@example.com
811,c8fa03d28772@example.com
812,c2e35a1bde08@example.com
813,fb491c277496@example.com
814,0ec0d68e5365@example.com
815,014b187d0013@example.com
816,aabb0f8e0b32@example.com
817,d933351bffb7@example.com
818,3ca5448d06f9@example.com
819,b5bbeed457ed@example.com
820,7eb7456396d7@example.com
821,b3f3db6b5acd@example.com
822,ed6680395912@example.com
823,c7142d47e43c@example.com
824,6705c2294cf2@example.com
825,8025611f20b1@example.com
826,23540bbf7e9e@example.com
827,6cb34fe0a8c6@example.com
828,42db536c5da5@example.com
829,56374c4ef6c9@example.com
830,31f3a00969a0@example.com
831,a68d55f55563@example.com
832,1953ae42659b@example.com
833,0f6f6a9bea34@example.com
834,9ef25798c64d@example.com
835,ca1aff79dd19@example.com
836,7c1140b56e26@example.com
837,b30228aef726@example.com
838,e2ae4bfd87bd@example.com
839,24c008dce11a@example.com
840,616e7fc6997b@example.com
841,5f88fe2fabdc@example.com
842,56c71fe0ffd8@example.com
843,2c6b788cacae@example.com
844,1c28433fdd9d@example.com
845,37f092083cf0@example.com
846,72a568c84728@example.com
847,93e012c73dfb@example.com
848,425a1eb6bf86@example.com
849,6f90462c4a20@example.com
850,fd23edb60e6b@example.com
851,3d3d111994da@example.com
852,ad753d7edc96@example.com
853,81824d06bde5@example.com
854,f9768a0991d4@example.com
855,b80a2e3eb8c2@example.com
856,062e60e718a7@example.com
857,88f7a2eaabce@example.com
858,6fe7c2fc0e60@example.com
859,f98b44677080@example.com
860,c31eeca238d0@example.com
861,ad10430a91d7@example.com
862,cf4ee0e91b7b@example.com
863,a37e6d9396d9@example.com
864,a6b57f887b9a@example.com
865,3fc706b3e41c@example.com
866,47e27b871ec1@example.com
867,5e1102058fdb@example.com
868,e85928c4d57e@example.com
869,5f5e153d5ee4@example.com
870,dae64d77e6d2@example.com
871,bebc6991b74d@example.com
872,0b5263e388bb@example.com
873,3e367a37bdf9@example.com
874,3ff6ff30f942@example.com
875,5454725a249f@example.com
876,a4605ee40e02@example.com
877,d21fb24ff50a@example.com
878,8d94ea086e71@example.com
879,39483f72403a@example.com
880,9c9db12e402c@example.com
881,dda4f6703aab@example.com
882,f516565f87ba@example.com
883,e398487bf230@example.com
884,501f57db02e0@example.com
885,040c990ffe56@example.com
886,acb35ad75be5@example.com
887,0dcbbc8e4883@example.com
888,53f11ac4fa3b@example.com
889,0ea00233530f@example.com
890,428fba6845ae@example.com
891,5f5857bfa228@example.com
892,02926f63ee12@example.com
893,9aae034178fb@example.com
894,f16c9f021b40@example.com
895,38f0163f4963@example.com
896,7dc81739f98a@example.com
897,1a56cdec0ebc@example.com
898,19ea5e731df5@example.com
899,068f2dcf26d2@example.com
900,df587d954df4@example.com
901,31a6135940aa@example.com
902,f5682eac3be3@example.com
903,5e199afc92b1@example.com
904,e9a1fa1f6726@example.com
905,2b2f622ab98e@example.com
906,62e5343ec4ee@example.com
907,c1f40c18c67c@example.com
908,6576d822ead3@example.com
909,89ec9910b85f@example.com
910,cc77df816390@example.com
911,f7adb4bc22f1@example.com
912,34a1f415a772@example.com
913,e5d62dd4493a@example.com
914,3664658ff4a0@example.com
915,72a866b1ec54@example.com
916,8c062f3198db@example.com
917,f8ebc081c457@example.com
918,52818225b71a@example.com
919,7016d4f1ee7b@example.com
920,90394fd8ffce@example.com
921,17db813c1420@example.com
922,1a45e1c831ee@example.com
923,793ad739f9fb@example.com
924,3a70402b8760@example.com
925,64157cfb5c11@example.com
926,0beb95cad277@example.com
927,db4f5a70a47e@example.com
928,e0100e80728b@example.com
929,a04ebd6be4d0@example.com
930,a73e918346e3@example.com
931,c435578d315c@example.com
932,b68ed2203b99@example.com
933,0e2c5e88f409@example.com
934,5f11c6444883@example.com
935,a37456721a78@example.com
936,c88521dc2d95@example.com
937,d1133a133a33@example.com
938,8588b031860f@example.com
939,827c180c98d2@example.com
940,a286b7dfca06@example.com
941,476caef53543@example.com
942,8a9bb7b103fa@example.com
943,9548528d4103@example.com
944,c820db7e6c39@example.com
945,bff1791b411a@example.com
946,4bb5dba8fd09@example.com
947,1628c296af03@example.com
948,cfb7de6a4be2@example.com
949,b0babc46eede@example.com
950,db6f9cfed1af@example.com
951,c1361b4a8992@example.com
952,17cae4fecb77@example.com
953,0f7bbca78f1c@example.com
954,bb2003b75af0@example.com
955,1a65db3155a7@example.com
956,eb4f6d6935a5@example.com
957,164282cfe107@example.com
958,57983c2bc012@example.com
959,40082f92bb92@example.com
960,06150b797bec@example.com
961,4acf9b9ddb66@example.com
962,236e194cf400@example.com
963,b3a37c84cf77@example.com
964,cc254a00dc70@example.com
965,01d310adb88a@example.com
966,2e8f37af6bea@example.com
967,90ce6ee78b80@example.com
968,bf60b7b30a5d@example.com
969,e0df0de0fad1@example.com
970,03fdf491cb5c@example.com
971,9cbd163865a9@example.com
972,c74c6e4bdbc6@example.com
973,692298817ae4@example.com
974,b1c51f5331b9@example.com
975,8455aafcffa6@example.com
976,70cc5fbd607b@example.com
977,d9fd0e235263@example.com
978,86f614367f2d@example.com
979,213c7fe00a28@example.com
980,2e4d8d43cc0e@example.com
981,de50f59c4276@example.com
982,08d38f2485b2@example.com
983,cff28e0559b6@example.com
984,d26dbe8be6e5@example.com
985,eb77c278ec40@example.com
986,6782935545b0@example.com
987,5ee25de7a24b@example.com
988,43c8747458ee@example.com
989,abe2bdea1e00@example.com
990,c123b3775678@example.com
991,7644c59e1502@example.com
992,72b6b35725e8@example.com
993,af615cc65e6a@example.com
994,575f945cda1a@example.com
995,951b5aae562b@example.com
996,995791269f5b@example.com
997,1f0cc8b3409a@example.com
998,8f7421921c35@example.com
999,b3115c972454@example.com
1000,b01febcd4239@example.com